Date,Adj Close,Close,High,Low,Open,Volume
2013-11-18,46.55,48.48,50.0,47.49,49.75,587100
2013-11-19,43.98,45.8,49.0,45.3,48.99,1682000
2013-11-20,42.87,44.65,46.0,43.99,45.98,1106900
2013-11-21,42.05,43.79,45.15,43.04,44.5,730200
2013-11-22,42.24,43.99,44.1,43.25,43.9,947600
2013-11-25,42.42,44.18,45.62,43.7,44.28,727300
2013-11-26,41.48,43.2,45.0,43.04,45.0,873700
2013-11-27,41.52,43.24,43.55,42.5,43.55,1153300
2013-11-29,41.52,43.24,43.85,42.75,42.75,949900
2013-12-02,41.42,43.14,43.67,41.52,43.08,5130700
2013-12-03,41.19,42.9,44.85,42.7,42.8,3239300
2013-12-04,40.16,41.83,42.61,41.65,42.43,2777700
2013-12-05,39.42,41.05,42.28,40.63,42.28,3380500
2013-12-06,39.08,40.7,41.06,40.64,40.75,4662300
2013-12-09,39.54,41.18,41.27,40.24,40.7,3074000
2013-12-10,40.87,42.56,42.84,41.04,41.07,3289400
2013-12-11,40.77,42.46,43.02,42.0,42.32,3367300
2013-12-12,41.26,42.97,43.1,42.0,42.01,1770500
2013-12-13,41.53,43.25,43.8,42.92,42.92,683800
2013-12-16,41.95,43.69,43.99,42.11,43.01,1953900
2013-12-17,42.01,43.75,44.0,43.16,43.43,1396700
2013-12-18,42.51,44.27,44.5,43.1,43.65,1225200
2013-12-19,42.68,44.45,44.5,43.82,43.96,593000
2013-12-20,42.5,44.26,44.45,43.91,44.3,2878600
2013-12-23,42.87,44.65,44.85,43.55,44.17,773600
2013-12-24,42.8,44.58,45.02,44.25,44.76,304700
2013-12-26,42.92,44.7,45.01,44.44,44.86,513200
2013-12-27,42.86,44.64,44.97,44.09,44.77,393300
2013-12-30,42.36,44.12,44.88,44.0,44.45,381500
2013-12-31,42.43,44.19,44.5,43.76,44.23,874200
2014-01-02,41.91,43.65,44.18,43.27,44.08,992900
2014-01-03,42.21,43.96,44.32,43.17,43.57,378400
2014-01-06,41.94,43.68,43.98,43.37,43.97,597800
2014-01-07,42.12,43.87,43.98,42.16,42.16,1371300
2014-01-08,42.13,43.88,44.36,43.4,44.02,1407100
2014-01-09,42.37,44.13,44.25,43.84,43.89,1093500
2014-01-10,43.91,45.73,46.08,44.02,44.17,2008600
2014-01-13,45.17,47.04,47.44,45.2,45.7,2278500
2014-01-14,45.9,47.8,47.89,46.91,47.16,2338200
2014-01-15,45.61,47.5,49.19,47.26,47.97,1733000
2014-01-16,45.51,47.4,47.68,47.04,47.28,1178700
2014-01-17,46.09,48.0,48.24,47.0,47.52,1572100
2014-01-21,46.25,48.17,49.38,47.94,49.38,1570400
2014-01-22,46.58,48.51,49.16,48.08,48.11,682200
2014-01-23,45.82,47.72,48.68,47.58,48.68,867600
2014-01-24,44.97,46.84,47.71,45.83,47.62,1417500
2014-01-27,44.74,46.6,48.0,45.2,45.2,717800
2014-01-28,45.83,47.73,47.88,46.77,46.77,721700
2014-01-29,45.88,47.78,48.48,47.13,47.35,800900
2014-01-30,47.45,49.42,49.63,47.83,47.91,1247100
2014-01-31,47.38,49.35,49.96,49.03,49.25,2011100
2014-02-03,45.55,47.44,49.94,47.2,49.35,1184800
2014-02-04,46.14,48.05,48.48,47.32,47.44,891300
2014-02-05,45.7,47.6,48.65,47.15,47.84,823100
2014-02-06,47.28,49.24,49.27,47.5,47.5,1168400
2014-02-07,47.95,49.94,50.27,49.33,49.33,1837500
2014-02-10,47.86,49.84,50.12,49.45,49.99,763400
2014-02-11,47.9,49.89,50.41,49.33,49.73,1446100
2014-02-12,48.01,50.0,51.0,49.73,49.92,1405300
2014-02-13,48.12,50.12,50.44,49.59,49.98,695000
2014-02-14,47.65,49.63,50.25,49.59,50.15,891700
2014-02-18,48.11,50.11,50.86,49.72,49.72,2748500
2014-02-19,47.2,49.16,50.34,49.03,49.84,1076100
2014-02-20,49.47,51.52,52.78,49.1,50.23,2623600
2014-02-21,50.28,52.37,52.79,51.75,51.75,2198700
2014-02-24,50.76,52.86,53.11,52.36,52.36,667900
2014-02-25,52.39,54.56,54.58,52.93,53.0,1117600
2014-02-26,52.48,54.66,55.78,54.18,54.83,1880100
2014-02-27,53.15,55.35,55.53,54.21,54.69,1139900
2014-02-28,52.19,54.35,55.32,53.82,55.09,1198500
2014-03-03,51.36,53.49,54.93,53.08,54.67,659600
2014-03-04,51.85,54.0,55.0,53.48,53.71,1189900
2014-03-05,51.8,53.95,54.31,53.38,53.9,395000
2014-03-06,51.07,53.19,54.1,53.04,53.99,617400
2014-03-07,51.26,53.39,53.78,52.59,53.44,776100
2014-03-10,51.17,53.29,53.67,52.24,53.2,1155300
2014-03-11,52.33,54.5,54.8,53.45,53.49,874700
2014-03-12,52.12,54.28,54.74,52.77,54.42,1255500
2014-03-13,51.54,53.6,54.71,53.13,54.46,946400
2014-03-14,51.25,53.3,53.95,53.25,53.62,1071800
2014-03-17,50.93,52.96,53.83,52.93,53.44,1011700
2014-03-18,51.23,53.28,53.49,52.71,52.95,880800
2014-03-19,51.23,53.28,54.0,52.92,53.18,645000
2014-03-20,52.09,54.17,54.22,52.82,53.41,628100
2014-03-21,51.74,53.81,54.81,53.74,54.38,1356800
2014-03-24,51.42,53.47,54.23,53.04,54.0,895600
2014-03-25,51.17,53.21,53.9,53.17,53.7,708000
2014-03-26,50.04,52.04,53.5,52.01,53.32,691100
2014-03-27,49.47,51.45,51.97,51.19,51.87,492900
2014-03-28,50.16,52.16,52.44,51.54,51.62,346100
2014-03-31,50.17,52.17,52.58,51.91,52.38,334600
2014-04-01,51.85,53.92,54.06,52.29,52.44,593600
2014-04-02,52.57,54.67,54.81,53.59,53.92,500500
2014-04-03,52.84,54.95,55.0,54.58,54.77,427900
2014-04-04,51.67,53.73,55.35,53.0,54.82,492000
2014-04-07,49.64,51.62,54.0,51.53,53.71,1054200
2014-04-08,49.44,51.41,51.78,50.81,51.34,1213700
2014-04-09,49.52,51.5,51.59,51.23,51.46,1212800
2014-04-10,48.73,50.68,51.79,50.12,51.52,1488500
2014-04-11,48.09,50.01,50.9,49.86,50.53,1184600
2014-04-14,47.86,49.77,50.61,49.18,50.28,605900
2014-04-15,48.04,49.96,50.43,48.93,49.88,419300
2014-04-16,48.3,50.23,50.72,49.84,50.16,254000
2014-04-17,48.22,50.15,50.54,49.43,50.07,427200
2014-04-21,48.69,50.63,50.65,49.6,49.98,225700
2014-04-22,49.04,51.0,51.15,50.36,50.71,422500
2014-04-23,48.46,50.4,50.96,49.98,50.89,507800
2014-04-24,48.31,50.24,50.78,49.72,50.62,659800
2014-04-25,47.64,49.54,50.39,49.37,49.95,290300
2014-04-28,46.95,48.82,50.08,48.45,49.84,605400
2014-04-29,47.02,48.9,49.43,48.46,48.96,442000
2014-04-30,47.45,49.35,49.46,48.44,49.0,481100
2014-05-01,49.28,51.25,51.86,49.48,51.0,722100
2014-05-02,48.75,50.7,51.74,50.25,51.18,479000
2014-05-05,48.14,50.06,50.52,49.57,50.28,413800
2014-05-06,47.97,49.89,50.16,49.55,49.95,596000
2014-05-07,48.01,49.93,50.32,49.34,49.89,598000
2014-05-08,47.46,49.36,50.4,49.11,49.6,530600
2014-05-09,48.08,50.0,50.16,48.67,49.2,489100
2014-05-12,48.54,50.48,50.84,50.05,50.05,586100
2014-05-13,48.54,50.48,50.72,50.33,50.5,638700
2014-05-14,47.88,49.79,50.43,49.74,50.3,470700
2014-05-15,46.44,48.29,49.74,47.98,49.52,738400
2014-05-16,47.39,49.28,49.43,48.15,48.32,719500
2014-05-19,48.28,50.21,50.36,49.27,49.3,653500
2014-05-20,48.56,50.5,50.54,49.75,49.87,1543600
2014-05-21,48.76,50.71,51.03,50.4,50.52,338500
2014-05-22,49.51,51.49,51.84,50.32,50.65,501100
2014-05-23,50.45,52.46,52.59,51.33,51.73,451800
2014-05-27,50.45,52.47,52.84,52.33,52.49,331600
2014-05-28,50.91,52.94,53.26,52.46,52.62,523700
2014-05-29,51.46,53.52,53.86,52.94,52.94,815600
2014-05-30,50.38,52.39,53.51,52.33,53.49,400300
2014-06-02,50.07,52.07,52.77,52.04,52.77,646500
2014-06-03,50.4,52.41,52.74,51.3,51.3,451900
2014-06-04,51.11,53.15,53.31,52.23,52.27,621100
2014-06-05,52.22,54.31,54.34,52.9,53.2,608900
2014-06-06,53.69,55.83,56.09,54.37,54.43,965400
2014-06-09,54.19,56.35,56.81,55.62,55.97,850400
2014-06-10,54.55,56.73,56.75,55.95,56.24,618100
2014-06-11,54.18,56.34,56.42,55.98,56.4,625600
2014-06-12,54.04,56.12,56.56,55.89,56.18,1780200
2014-06-13,54.01,56.09,56.26,55.9,56.26,545100
2014-06-16,55.01,57.13,57.36,55.84,55.93,634300
2014-06-17,55.13,57.25,57.66,56.1,56.88,1436700
2014-06-18,55.22,57.34,57.5,57.05,57.23,1901900
2014-06-19,55.15,57.27,57.74,56.04,57.33,875800
2014-06-20,55.49,57.62,57.78,56.88,57.14,1265000
2014-06-23,55.43,57.56,58.29,57.43,57.72,384500
2014-06-24,54.58,56.68,57.57,56.49,57.3,580300
2014-06-25,54.59,56.69,56.83,56.04,56.62,503900
2014-06-26,54.23,56.32,56.78,56.17,56.72,336500
2014-06-27,53.52,55.58,56.45,55.52,56.45,1105000
2014-06-30,54.58,56.68,56.75,55.42,55.52,609900
2014-07-01,54.95,57.06,57.46,56.77,56.77,424500
2014-07-02,55.25,57.37,57.87,57.0,57.0,484600
2014-07-03,55.04,57.16,57.74,57.02,57.46,138700
2014-07-07,53.96,56.04,57.04,55.94,57.04,274700
2014-07-08,53.45,55.51,56.04,54.99,56.04,424300
2014-07-09,53.55,55.61,56.03,55.36,55.5,342800
2014-07-10,53.54,55.6,55.88,54.62,54.85,496000
2014-07-11,53.95,56.03,56.45,55.44,55.67,269000
2014-07-14,53.91,55.98,56.57,55.62,56.1,426400
2014-07-15,53.55,55.61,56.19,55.28,55.85,306800
2014-07-16,53.38,55.43,56.11,55.14,55.79,417400
2014-07-17,52.26,54.27,55.17,54.18,55.05,408600
2014-07-18,52.86,54.89,55.01,54.11,54.35,300700
2014-07-21,52.73,54.76,55.05,54.56,54.79,265900
2014-07-22,52.87,54.9,55.58,54.71,55.15,242000
2014-07-23,52.43,54.45,55.09,54.1,54.92,362800
2014-07-24,52.93,54.97,55.46,54.29,54.42,412400
2014-07-25,53.06,55.1,55.25,54.39,54.63,473700
2014-07-28,51.59,53.57,55.11,53.32,55.1,513200
2014-07-29,50.51,52.45,53.86,52.42,53.52,582000
2014-07-30,51.67,53.66,53.96,52.43,52.55,799300
2014-07-31,49.53,51.43,52.73,49.93,50.9,1583400
2014-08-01,48.49,50.36,51.48,49.59,51.43,903900
2014-08-04,48.26,50.12,51.77,49.97,50.59,956900
2014-08-05,48.53,50.4,50.93,49.8,50.14,668400
2014-08-06,48.26,50.12,50.23,48.83,49.3,1078300
2014-08-07,48.02,49.87,50.63,49.6,50.5,622300
2014-08-08,48.74,50.61,50.72,49.92,49.92,850400
2014-08-11,48.49,50.36,51.03,50.28,50.76,342200
2014-08-12,49.07,50.96,51.12,50.28,50.29,712200
2014-08-13,50.31,52.24,52.28,51.06,51.06,708300
2014-08-14,50.09,52.02,52.36,51.67,52.23,626600
2014-08-15,50.32,52.26,52.93,51.83,52.33,755500
2014-08-18,50.69,52.64,53.2,52.17,52.51,325400
2014-08-19,50.66,52.61,53.41,52.23,52.8,513600
2014-08-20,50.57,52.52,52.91,52.27,52.63,332400
2014-08-21,50.21,52.14,52.77,52.11,52.63,249600
2014-08-22,50.05,51.97,52.12,51.74,52.05,399800
2014-08-25,50.53,52.47,52.56,51.91,52.22,276100
2014-08-26,50.44,52.38,52.58,52.09,52.47,291400
2014-08-27,50.08,52.01,52.26,51.65,52.26,281200
2014-08-28,49.64,51.55,51.79,51.21,51.73,438400
2014-08-29,49.53,51.43,51.75,51.24,51.55,372000
2014-09-02,50.33,52.27,52.3,51.46,51.53,661900
2014-09-03,50.26,52.19,52.88,51.98,52.64,393900
2014-09-04,50.39,52.33,52.84,52.07,52.28,411300
2014-09-05,50.54,52.48,52.65,51.91,52.47,517700
2014-09-08,50.29,52.22,52.62,52.06,52.31,477300
2014-09-09,49.82,51.74,52.49,51.51,52.16,533300
2014-09-10,50.03,51.95,52.16,51.25,51.63,620400
2014-09-11,50.13,52.06,52.52,51.77,51.79,472200
2014-09-12,49.06,50.87,51.9,50.71,51.83,811300
2014-09-15,48.99,50.8,50.9,50.08,50.73,818700
2014-09-16,49.28,51.1,51.41,50.58,50.72,671700
2014-09-17,49.24,51.06,52.25,50.91,51.16,610400
2014-09-18,48.82,50.62,51.23,50.52,51.23,551200
2014-09-19,48.09,49.86,50.88,47.47,50.88,1925100
2014-09-22,47.45,49.2,49.82,49.17,49.66,829600
2014-09-23,47.18,48.92,49.47,48.54,49.05,760000
2014-09-24,47.26,49.0,49.21,48.81,48.9,470900
2014-09-25,46.5,48.21,49.0,48.06,48.77,604800
2014-09-26,46.68,48.4,48.53,48.19,48.25,664800
2014-09-29,46.29,48.0,48.54,47.79,48.02,900800
2014-09-30,45.95,47.64,48.0,47.31,47.9,1371500
2014-10-01,46.07,47.77,48.0,46.88,47.44,1083800
2014-10-02,46.17,47.87,48.07,47.37,47.68,2127100
2014-10-03,47.39,49.14,49.21,48.58,48.83,968600
2014-10-06,46.86,48.59,49.47,48.47,49.2,750300
2014-10-07,44.93,46.59,48.37,46.58,48.37,691600
2014-10-08,45.56,47.24,47.28,45.85,46.54,1061700
2014-10-09,45.04,46.7,47.39,46.54,47.39,617300
2014-10-10,44.61,46.25,46.97,46.2,46.58,776400
2014-10-13,43.71,45.32,46.48,45.28,46.22,824500
2014-10-14,43.46,45.06,45.89,44.82,45.51,976900
2014-10-15,44.09,45.72,46.0,43.81,44.56,1284600
2014-10-16,44.68,46.33,46.5,44.22,44.63,696500
2014-10-17,45.09,46.75,47.57,46.32,46.73,756800
2014-10-20,45.23,46.9,47.17,46.57,46.58,602400
2014-10-21,46.52,48.23,48.47,47.17,47.17,657200
2014-10-22,45.43,47.1,48.51,47.0,48.24,696000
2014-10-23,46.73,48.45,48.78,47.26,47.7,733300
2014-10-24,47.37,49.12,49.17,48.07,48.49,414700
2014-10-27,47.4,49.15,49.31,48.55,48.87,584000
2014-10-28,48.42,50.2,50.25,49.08,49.42,730600
2014-10-29,48.5,50.29,51.37,49.66,50.51,1184500
2014-10-30,50.77,52.64,53.05,49.24,50.18,1203500
2014-10-31,51.2,53.09,54.57,52.87,53.62,2535400
2014-11-03,51.53,53.43,53.59,52.91,53.16,811100
2014-11-04,51.23,53.12,53.84,53.09,53.39,1120800
2014-11-05,51.16,53.05,53.58,52.74,53.43,539900
2014-11-06,51.52,53.42,53.51,52.87,53.33,1041500
2014-11-07,51.08,52.96,53.56,52.9,53.44,1249500
2014-11-10,50.81,52.68,53.11,52.57,53.11,562600
2014-11-11,50.65,52.52,53.39,52.37,52.81,582100
2014-11-12,50.63,52.5,52.67,52.01,52.31,631100
2014-11-13,50.27,52.12,52.68,51.88,52.57,375500
2014-11-14,50.41,52.27,52.51,51.79,52.0,372900
2014-11-17,50.96,52.84,52.92,52.11,52.19,529600
2014-11-18,51.95,53.87,54.05,52.68,52.91,629300
2014-11-19,52.08,54.0,54.32,53.54,53.94,758000
2014-11-20,52.17,54.09,54.36,53.52,53.62,220800
2014-11-21,52.27,54.2,54.88,54.02,54.8,488700
2014-11-24,52.03,53.95,54.49,53.88,54.25,482200
2014-11-25,51.67,53.57,53.97,53.28,53.94,453300
2014-11-26,51.17,53.06,53.8,52.9,53.6,537700
2014-11-28,51.94,53.85,54.16,53.09,53.09,343200
2014-12-01,51.79,53.7,53.98,53.25,53.79,467000
2014-12-02,52.43,54.36,54.42,53.64,53.79,316000
2014-12-03,52.75,54.69,55.08,54.41,54.56,1397500
2014-12-04,52.65,54.59,54.99,54.4,54.72,570900
2014-12-05,53.57,55.55,55.61,54.59,54.81,861100
2014-12-08,52.96,54.91,55.91,54.6,55.56,601500
2014-12-09,53.04,55.0,55.08,53.86,54.03,423800
2014-12-10,52.22,54.15,55.1,53.97,54.69,464300
2014-12-11,52.26,54.19,54.97,53.58,54.07,394800
2014-12-12,51.97,53.81,54.14,53.62,53.69,592700
2014-12-15,51.87,53.7,54.41,53.35,54.0,452600
2014-12-16,51.61,53.43,54.1,52.96,53.6,1016300
2014-12-17,52.26,54.11,54.21,53.0,53.54,418500
2014-12-18,53.07,54.95,54.98,54.28,54.81,504700
2014-12-19,53.11,54.99,55.39,54.65,55.38,686900
2014-12-22,53.71,55.61,55.61,54.77,54.98,277900
2014-12-23,53.78,55.68,55.86,55.4,55.61,362700
2014-12-24,53.83,55.73,55.9,55.4,55.81,134000
2014-12-26,53.75,55.65,56.0,55.58,55.77,193000
2014-12-29,54.0,55.91,56.06,55.29,55.54,340600
2014-12-30,53.76,55.66,55.89,55.41,55.69,448600
2014-12-31,53.57,55.46,56.05,55.25,55.87,564100
2015-01-02,53.17,55.05,55.6,53.97,55.49,668800
2015-01-05,53.06,54.94,55.24,54.56,54.73,534600
2015-01-06,52.98,54.85,55.16,54.08,55.0,1337500
2015-01-07,53.7,55.6,56.0,54.81,55.09,718400
2015-01-08,54.43,56.35,56.38,55.18,55.71,893900
2015-01-09,53.97,55.88,56.33,55.79,56.11,539300
2015-01-12,53.11,54.99,55.99,54.85,55.94,336600
2015-01-13,53.22,55.1,56.46,54.45,55.3,520200
2015-01-14,53.44,55.33,55.39,54.18,54.57,544200
2015-01-15,51.96,53.8,55.66,53.35,55.55,1114300
2015-01-16,51.55,53.37,54.35,53.17,53.84,2678200
2015-01-20,50.99,52.79,53.92,52.59,53.44,1136000
2015-01-21,51.11,52.92,53.45,52.33,52.58,1614200
2015-01-22,52.5,54.36,54.43,52.9,53.12,894200
2015-01-23,52.62,54.48,55.0,54.31,54.31,403700
2015-01-26,52.07,53.91,54.83,53.77,54.76,702600
2015-01-27,51.96,53.8,54.04,53.07,53.2,476800
2015-01-28,52.5,54.35,55.16,53.91,54.3,695100
2015-01-29,52.92,54.79,54.9,53.71,54.15,456600
2015-01-30,52.17,54.01,54.92,53.88,54.52,591800
2015-02-02,52.63,54.49,54.53,53.43,54.3,1213600
2015-02-03,53.17,55.05,55.43,54.7,54.94,426900
2015-02-04,53.73,55.63,55.97,54.97,55.03,578300
2015-02-05,55.05,57.0,57.06,55.75,55.75,627800
2015-02-06,55.59,57.55,57.8,57.01,57.22,972100
2015-02-09,54.97,56.91,58.1,56.88,57.54,730300
2015-02-10,54.94,56.88,57.35,56.26,57.22,527400
2015-02-11,54.78,56.72,57.21,56.39,56.94,860000
2015-02-12,55.79,57.76,57.89,56.85,57.14,723800
2015-02-13,56.66,58.66,58.82,57.19,57.72,746300
2015-02-17,56.56,58.56,59.5,58.39,58.79,1336700
2015-02-18,54.09,56.0,57.43,55.13,56.88,1721100
2015-02-19,55.65,57.62,57.86,55.79,55.94,1670200
2015-02-20,56.6,58.6,58.72,56.98,57.44,980200
2015-02-23,56.35,58.34,58.72,57.93,58.36,769700
2015-02-24,56.41,58.4,58.79,57.9,58.11,526600
2015-02-25,56.55,58.55,59.07,58.16,58.48,626000
2015-02-26,56.3,58.29,58.77,58.03,58.74,507200
2015-02-27,55.76,57.73,58.54,57.69,58.21,342900
2015-03-02,56.81,58.82,58.91,57.64,57.77,694300
2015-03-03,56.5,58.5,58.82,58.05,58.44,612000
2015-03-04,56.46,58.45,58.84,57.98,58.65,937900
2015-03-05,56.13,58.11,58.48,57.8,58.48,480000
2015-03-06,55.49,57.45,57.98,57.36,57.69,413900
2015-03-09,56.01,57.99,58.14,57.4,57.41,342800
2015-03-10,55.64,57.61,58.01,57.11,57.69,491100
2015-03-11,55.93,57.91,58.26,57.58,57.7,559900
2015-03-12,56.41,58.4,58.52,57.93,57.93,420900
2015-03-13,56.27,58.16,58.67,57.8,58.09,562300
2015-03-16,56.83,58.74,58.77,58.01,58.51,494300
2015-03-17,56.45,58.34,58.74,58.04,58.21,446100
2015-03-18,57.9,59.84,60.1,58.06,58.29,634800
2015-03-19,58.06,60.01,60.04,59.29,59.86,599900
2015-03-20,59.15,61.14,61.22,60.23,60.41,923000
2015-03-23,58.92,60.9,61.7,60.81,61.24,685900
2015-03-24,58.92,60.9,61.4,60.38,60.74,529500
2015-03-25,58.35,60.31,61.23,60.14,60.84,652900
2015-03-26,58.55,60.51,60.67,59.98,60.3,554100
2015-03-27,59.24,61.23,61.3,60.16,60.49,896700
2015-03-30,59.9,61.91,61.97,61.4,61.4,457400
2015-03-31,59.18,61.17,61.93,61.05,61.5,428200
2015-04-01,59.1,61.08,61.33,60.79,60.98,443500
2015-04-02,59.45,61.45,61.71,60.94,61.15,275700
2015-04-06,59.65,61.65,62.16,61.03,61.18,653400
2015-04-07,59.57,61.57,61.71,61.28,61.4,398800
2015-04-08,59.69,61.69,61.73,61.18,61.53,512100
2015-04-09,59.44,61.44,61.8,61.14,61.7,425500
2015-04-10,59.25,61.24,61.72,60.87,61.52,559800
2015-04-13,58.32,60.28,61.58,60.25,61.17,438800
2015-04-14,58.02,59.97,60.68,59.6,60.32,681000
2015-04-15,58.53,60.49,60.61,60.02,60.02,443500
2015-04-16,58.21,60.16,60.47,59.7,60.38,350400
2015-04-17,57.18,59.1,59.72,58.78,59.72,462000
2015-04-20,57.38,59.31,59.68,59.08,59.2,403300
2015-04-21,57.87,59.81,59.93,59.33,59.69,326600
2015-04-22,58.4,60.36,60.48,59.72,59.87,485400
2015-04-23,57.8,59.74,60.18,59.53,60.07,1013000
2015-04-24,58.98,60.96,61.08,59.63,59.69,873500
2015-04-27,58.62,60.59,61.45,60.5,60.97,793100
2015-04-28,58.84,60.81,61.1,60.24,60.4,950300
2015-04-29,58.58,60.55,60.7,60.06,60.65,560600
2015-04-30,59.16,61.15,62.54,60.9,61.05,2075800
2015-05-01,59.45,61.45,61.81,60.18,60.62,1464200
2015-05-04,60.23,62.25,62.36,61.1,61.1,672200
2015-05-05,59.5,61.5,62.36,61.35,61.92,577100
2015-05-06,59.29,61.28,61.85,60.93,61.64,531600
2015-05-07,59.49,61.49,62.0,60.82,61.07,1243500
2015-05-08,60.35,62.38,62.53,61.66,62.0,874400
2015-05-11,61.13,63.18,63.42,62.37,62.37,1367300
2015-05-12,59.77,61.78,63.08,61.55,62.87,565200
2015-05-13,59.74,61.74,62.29,61.6,61.75,621200
2015-05-14,59.86,61.87,62.2,61.76,62.2,587900
2015-05-15,59.78,61.79,62.04,61.42,61.83,890700
2015-05-18,59.88,61.89,62.12,61.57,61.82,691200
2015-05-19,59.82,61.83,62.99,61.79,62.1,546400
2015-05-20,59.54,61.54,62.02,61.4,62.02,480700
2015-05-21,59.41,61.4,61.77,61.19,61.71,579900
2015-05-22,59.27,61.26,61.78,60.99,61.4,252700
2015-05-26,58.91,60.89,61.37,60.66,61.22,375400
2015-05-27,59.81,61.82,61.92,60.93,61.32,286200
2015-05-28,59.93,61.94,61.97,61.36,61.61,376200
2015-05-29,60.41,62.44,62.97,61.87,62.01,670800
2015-06-01,60.03,62.04,62.47,61.89,62.47,357600
2015-06-02,60.36,62.39,62.7,61.69,62.0,271400
2015-06-03,60.77,62.81,63.04,61.8,62.37,458300
2015-06-04,59.82,61.83,62.66,61.74,62.25,223800
2015-06-05,59.89,61.9,62.04,61.11,61.65,314300
2015-06-08,59.41,61.4,62.09,61.39,61.73,232100
2015-06-09,58.97,60.95,61.34,60.73,61.34,415300
2015-06-10,59.62,61.62,61.94,61.02,61.02,336000
2015-06-11,59.65,61.65,62.25,61.53,61.82,344900
2015-06-12,59.21,61.1,61.97,60.97,61.53,276600
2015-06-15,58.98,60.86,61.1,60.33,60.85,431300
2015-06-16,58.74,60.61,60.98,60.29,60.63,320500
2015-06-17,59.28,61.17,61.24,60.21,60.82,352200
2015-06-18,59.51,61.41,61.92,61.12,61.27,335800
2015-06-19,59.76,61.67,62.01,61.04,61.37,647000
2015-06-22,60.16,62.08,62.46,61.71,62.0,275300
2015-06-23,60.16,62.08,62.58,61.77,62.02,425800
2015-06-24,60.13,62.05,62.8,61.77,62.28,508700
2015-06-25,59.82,61.73,62.63,61.64,62.05,229700
2015-06-26,59.73,61.63,62.04,61.53,61.82,256900
2015-06-29,58.05,59.9,61.64,59.8,61.51,525600
2015-06-30,58.28,60.14,61.02,60.01,60.49,617900
2015-07-01,58.35,60.21,60.81,60.08,60.73,612300
2015-07-02,57.92,59.77,60.59,59.64,60.5,308500
2015-07-06,57.72,59.56,60.13,59.09,59.48,340900
2015-07-07,57.81,59.65,59.73,58.68,59.73,876400
2015-07-08,56.67,58.48,59.44,58.43,59.29,477200
2015-07-09,57.36,59.19,59.65,59.09,59.25,593100
2015-07-10,58.41,60.27,60.44,59.65,59.83,753800
2015-07-13,59.11,60.99,61.06,60.39,60.75,615200
2015-07-14,59.62,61.52,61.63,60.75,61.02,361700
2015-07-15,59.01,60.89,61.85,60.6,61.38,453100
2015-07-16,59.38,61.27,61.42,60.97,61.19,339400
2015-07-17,59.49,61.39,61.94,61.09,61.09,787000
2015-07-20,59.76,61.67,61.79,61.15,61.41,309300
2015-07-21,58.94,60.82,61.73,60.67,61.59,355500
2015-07-22,59.18,61.07,61.48,60.68,60.76,376400
2015-07-23,59.19,61.08,61.8,60.94,61.36,572900
2015-07-24,59.53,61.43,61.86,61.05,61.31,728400
2015-07-27,59.31,61.2,61.56,60.61,61.13,1057600
2015-07-28,60.46,62.39,62.85,61.21,61.32,966300
2015-07-29,61.78,63.75,63.86,62.56,62.56,805300
2015-07-30,61.25,63.2,66.05,61.56,63.9,1392300
2015-07-31,61.27,63.22,63.94,63.06,63.68,646600
2015-08-03,60.75,62.69,63.31,62.38,63.22,543400
2015-08-04,60.69,62.63,63.06,62.44,62.8,429500
2015-08-05,60.94,62.88,63.67,62.58,63.31,551100
2015-08-06,60.37,62.29,62.93,61.91,62.89,428500
2015-08-07,60.73,62.67,62.7,61.85,62.24,398200
2015-08-10,61.42,63.38,63.53,62.89,63.05,304900
2015-08-11,61.21,63.16,63.19,62.72,62.88,320100
2015-08-12,61.12,63.07,63.08,61.9,62.8,392400
2015-08-13,61.33,63.29,63.47,62.58,62.95,325200
2015-08-14,61.63,63.6,63.63,63.04,63.25,157800
2015-08-17,62.68,64.68,64.7,62.98,63.56,445200
2015-08-18,62.57,64.57,64.86,63.24,64.67,634000
2015-08-19,62.25,64.23,64.42,63.66,64.05,458800
2015-08-20,60.67,62.6,63.65,62.56,63.55,667200
2015-08-21,58.51,60.38,62.15,60.37,62.15,469200
2015-08-24,56.75,58.56,59.42,54.34,56.88,1387800
2015-08-25,55.19,56.95,59.91,56.88,59.75,932100
2015-08-26,57.2,59.02,59.09,57.12,58.29,986000
2015-08-27,58.64,60.51,60.78,59.17,59.49,680100
2015-08-28,58.41,60.27,60.8,59.74,60.48,619300
2015-08-31,57.77,59.61,60.22,59.34,59.96,398000
2015-09-01,56.75,58.56,58.78,57.17,57.17,755700
2015-09-02,57.49,59.32,59.32,58.34,59.22,346100
2015-09-03,57.94,59.79,60.45,58.53,59.41,569200
2015-09-04,56.91,58.72,59.25,58.27,59.05,421400
2015-09-08,58.49,60.36,60.39,59.11,59.69,301200
2015-09-09,58.34,60.2,61.19,60.08,60.83,612100
2015-09-10,58.44,60.3,60.77,59.59,60.08,426200
2015-09-11,58.76,60.63,60.67,59.58,59.92,271500
2015-09-14,58.94,60.72,60.76,60.16,60.44,385100
2015-09-15,59.83,61.64,61.81,60.54,60.93,397600
2015-09-16,60.0,61.81,62.08,61.08,61.49,422600
2015-09-17,60.22,62.04,62.82,61.47,61.71,550700
2015-09-18,59.33,61.12,61.98,61.0,61.4,754000
2015-09-21,59.91,61.72,61.93,61.13,61.45,396900
2015-09-22,58.6,60.37,61.26,60.14,61.07,394300
2015-09-23,58.81,60.59,60.67,60.06,60.6,474600
2015-09-24,58.42,60.18,60.3,59.45,60.1,304800
2015-09-25,57.89,59.64,60.6,59.52,60.53,570300
2015-09-28,55.58,57.26,59.38,56.75,59.38,695400
2015-09-29,54.43,56.07,57.41,55.62,57.23,639400
2015-09-30,55.97,57.66,57.74,56.31,56.52,563400
2015-10-01,56.84,58.56,58.59,57.07,57.95,704800
2015-10-02,56.38,58.08,58.1,57.05,57.98,692600
2015-10-05,57.28,59.01,59.65,58.41,58.45,514900
2015-10-06,56.93,58.65,59.68,58.36,59.15,600700
2015-10-07,57.89,59.64,59.69,58.78,58.87,617300
2015-10-08,57.99,59.74,59.88,58.89,59.39,518600
2015-10-09,57.92,59.67,60.43,59.39,59.81,500600
2015-10-12,57.41,59.14,59.89,58.99,59.69,421300
2015-10-13,57.14,58.86,59.52,58.33,58.9,531400
2015-10-14,57.11,58.83,59.3,58.26,58.81,630000
2015-10-15,58.57,60.34,60.61,58.73,59.22,745700
2015-10-16,58.55,60.32,60.95,60.11,60.59,697000
2015-10-19,58.22,59.98,60.31,59.44,60.03,513500
2015-10-20,60.17,61.99,62.9,59.94,59.94,924500
2015-10-21,59.47,61.27,62.49,61.09,62.34,384300
2015-10-22,62.12,64.0,64.38,61.4,61.52,1248300
2015-10-23,61.86,63.73,64.43,63.6,64.38,1077000
2015-10-26,62.19,64.07,64.12,63.15,63.77,436500
2015-10-27,62.61,64.5,64.5,63.74,63.81,1020500
2015-10-28,63.29,65.2,65.34,63.61,64.58,1158000
2015-10-29,62.62,64.51,67.5,62.64,67.5,1792600
2015-10-30,63.26,65.17,65.66,63.96,64.59,1029100
2015-11-02,64.79,66.75,66.84,64.9,65.18,936900
2015-11-03,63.42,65.33,66.5,65.15,66.5,877300
2015-11-04,62.8,64.7,65.36,64.46,64.46,1181900
2015-11-05,62.28,64.16,64.5,63.67,63.98,1010500
2015-11-06,62.39,64.27,64.54,63.27,64.08,855900
2015-11-09,61.81,63.68,64.24,63.02,64.22,782700
2015-11-10,61.47,63.33,63.79,62.77,63.62,839500
2015-11-11,63.11,65.01,65.07,63.34,63.58,747400
2015-11-12,62.78,64.68,65.1,64.25,64.5,1038300
2015-11-13,61.82,63.69,65.02,63.66,64.63,650300
2015-11-16,62.82,64.72,64.88,63.59,63.99,778000
2015-11-17,62.7,64.59,65.14,64.34,65.0,846200
2015-11-18,63.92,65.85,65.9,64.67,65.17,1059700
2015-11-19,64.73,66.68,66.76,65.43,65.9,1700800
2015-11-20,64.56,66.51,67.0,66.24,66.82,2377900
2015-11-23,63.77,65.69,66.83,65.45,66.64,777600
2015-11-24,63.27,65.18,65.47,64.54,65.47,988900
2015-11-25,64.45,66.4,66.67,65.18,65.5,634300
2015-11-27,65.16,67.13,67.28,66.4,66.49,274600
2015-11-30,65.24,67.21,67.99,67.01,67.27,1311700
2015-12-01,66.04,68.03,68.08,67.25,67.34,899000
2015-12-02,65.34,67.31,68.08,67.03,67.9,643400
2015-12-03,64.16,66.1,67.4,65.41,67.4,578200
2015-12-04,65.15,67.12,67.48,65.88,66.35,660700
2015-12-07,64.44,66.39,67.15,66.36,66.97,534400
2015-12-08,63.92,65.85,66.5,65.42,65.64,464800
2015-12-09,63.27,65.18,66.37,64.97,65.14,577500
2015-12-10,63.47,65.39,65.92,64.99,65.18,571200
2015-12-11,62.7,64.59,65.44,64.43,64.74,518200
2015-12-14,63.11,64.91,64.97,63.64,64.53,810600
2015-12-15,63.61,65.43,65.73,64.94,65.21,582000
2015-12-16,64.61,66.46,66.66,65.42,65.97,611200
2015-12-17,63.8,65.62,66.48,65.6,66.48,586400
2015-12-18,62.85,64.65,65.54,63.96,65.39,1609900
2015-12-21,62.96,64.76,65.49,64.38,65.0,459400
2015-12-22,63.36,65.17,65.2,64.42,65.07,443500
2015-12-23,63.99,65.82,65.94,65.24,65.55,313400
2015-12-24,63.79,65.61,65.92,65.44,65.84,114200
2015-12-28,64.47,66.31,66.39,65.12,65.45,303800
2015-12-29,65.1,66.96,67.54,66.57,67.04,475300
2015-12-30,64.76,66.61,67.09,66.45,66.7,309900
2015-12-31,64.09,65.92,66.92,65.31,66.26,310900
2016-01-04,62.74,64.53,64.88,63.39,64.88,845000
2016-01-05,62.67,64.46,65.4,64.11,64.57,525600
2016-01-06,61.03,62.77,63.83,62.39,63.62,505500
2016-01-07,59.27,60.96,62.29,60.75,61.63,613600
2016-01-08,58.11,59.77,61.71,59.62,61.3,675700
2016-01-11,57.84,59.49,60.45,58.98,60.02,562700
2016-01-12,58.44,60.11,60.44,59.33,59.96,521100
2016-01-13,57.18,58.81,60.69,58.66,60.53,513400
2016-01-14,58.56,60.23,60.94,59.04,59.8,929400
2016-01-15,57.05,58.68,60.42,56.66,60.42,1231500
2016-01-19,56.4,58.01,60.21,57.28,60.05,1000000
2016-01-20,55.81,57.41,58.04,55.53,57.55,1355200
2016-01-21,55.62,57.21,57.77,55.76,57.44,1152600
2016-01-22,58.29,59.96,60.13,58.13,58.15,1086900
2016-01-25,57.54,59.19,60.35,58.83,59.69,1114700
2016-01-26,58.27,59.94,60.12,58.78,59.04,638000
2016-01-27,58.07,59.73,60.57,59.37,59.68,711800
2016-01-28,57.57,59.22,60.17,58.76,60.06,668100
2016-01-29,58.88,60.56,60.65,59.17,59.53,677700
2016-02-01,58.77,60.45,60.74,59.53,60.0,982600
2016-02-02,57.1,58.73,59.95,58.31,59.95,1217300
2016-02-03,57.73,59.38,59.49,57.7,59.39,897500
2016-02-04,58.14,59.8,60.97,59.22,59.32,541000
2016-02-05,54.71,56.27,60.35,56.01,59.83,1627200
2016-02-08,52.28,53.77,55.88,52.95,55.38,2161000
2016-02-09,52.77,54.28,54.95,53.19,53.33,1412100
2016-02-10,53.33,54.85,56.52,54.41,54.81,1245900
2016-02-11,55.16,56.74,58.77,54.45,56.19,2540800
2016-02-12,55.9,57.5,58.87,57.17,58.09,1869100
2016-02-16,56.87,58.5,58.81,56.88,58.38,1177600
2016-02-17,57.18,58.81,59.55,58.43,58.9,1186300
2016-02-18,56.96,58.59,59.4,58.38,59.09,987300
2016-02-19,57.13,58.76,58.8,57.97,58.5,2485200
2016-02-22,59.37,61.07,61.43,58.76,58.76,988400
2016-02-23,59.41,61.11,62.0,60.53,60.8,742900
2016-02-24,60.89,62.63,62.77,60.01,60.45,1014800
2016-02-25,62.03,63.8,63.87,60.6,62.72,912100
2016-02-26,62.1,63.88,64.5,63.13,64.0,748800
2016-02-29,61.25,63.0,64.24,62.94,63.92,1127900
2016-03-01,63.03,64.83,64.91,63.32,63.58,1140800
2016-03-02,62.84,64.64,64.98,64.05,64.59,674000
2016-03-03,63.04,64.84,64.98,64.22,64.57,695300
2016-03-04,62.16,63.94,65.0,63.84,64.83,836800
2016-03-07,61.73,63.49,63.96,62.98,63.59,913100
2016-03-08,61.2,62.95,63.36,62.43,63.08,972300
2016-03-09,61.56,63.32,63.68,62.87,63.43,479000
2016-03-10,61.35,63.1,64.11,62.63,63.55,579400
2016-03-11,61.98,63.75,63.96,63.35,63.78,440100
2016-03-14,62.5,64.17,64.47,63.23,63.23,569500
2016-03-15,61.99,63.64,64.15,63.41,63.66,463000
2016-03-16,62.1,63.76,64.1,63.03,63.34,486900
2016-03-17,62.7,64.37,64.52,63.15,63.63,596200
2016-03-18,62.88,64.56,65.36,64.49,64.68,865700
2016-03-21,62.82,64.49,64.74,63.97,64.26,701500
2016-03-22,62.55,64.22,64.46,63.95,64.16,536600
2016-03-23,61.72,63.36,64.07,63.22,64.07,454600
2016-03-24,61.5,63.14,63.38,62.69,63.23,448100
2016-03-28,61.72,63.37,63.53,62.93,63.33,313000
2016-03-29,61.99,63.64,63.81,62.96,63.41,589800
2016-03-30,62.18,63.84,63.94,63.04,63.82,471100
2016-03-31,62.06,63.71,64.29,63.46,63.8,521100
2016-04-01,63.68,65.38,65.5,63.08,63.47,933700
2016-04-04,63.18,64.86,65.84,64.67,65.37,453800
2016-04-05,63.02,64.7,65.22,64.07,64.55,979000
2016-04-06,64.49,66.21,66.28,64.68,64.86,1072000
2016-04-07,62.31,63.97,65.99,63.77,65.99,1018900
2016-04-08,62.4,64.06,64.76,63.91,64.53,429400
2016-04-11,61.76,63.41,64.72,63.29,64.55,577400
2016-04-12,61.76,63.41,63.99,63.13,63.44,572500
2016-04-13,62.61,64.28,64.33,63.35,63.64,746400
2016-04-14,62.05,63.7,64.27,63.51,64.22,463400
2016-04-15,62.11,63.77,63.83,63.32,63.58,340100
2016-04-18,62.58,64.25,64.56,63.5,63.51,315900
2016-04-19,62.22,63.88,64.59,63.75,64.35,457700
2016-04-20,62.25,63.91,64.22,63.58,63.99,350900
2016-04-21,61.6,63.24,64.38,63.14,63.95,359500
2016-04-22,62.57,64.24,64.29,63.26,63.33,557300
2016-04-25,63.02,64.7,64.74,63.93,64.31,534200
2016-04-26,63.97,65.67,65.76,64.88,65.0,778800
2016-04-27,65.1,66.83,66.91,65.47,65.85,994100
2016-04-28,63.55,65.24,66.2,63.66,63.95,1756700
2016-04-29,63.75,65.45,65.54,64.57,65.23,958100
2016-05-02,64.77,66.5,67.12,65.34,65.49,993300
2016-05-03,63.98,65.69,66.44,65.4,66.3,822800
2016-05-04,63.76,65.46,65.61,64.83,65.37,539000
2016-05-05,63.67,65.37,65.78,64.9,65.49,769500
2016-05-06,64.3,66.01,66.05,64.8,65.37,372400
2016-05-09,64.45,66.17,66.53,65.69,65.98,441700
2016-05-10,65.2,66.94,67.02,66.27,66.58,327500
2016-05-11,64.23,65.94,67.24,65.89,66.94,283900
2016-05-12,64.41,66.13,66.43,65.55,66.29,306900
2016-05-13,64.3,66.01,66.94,65.56,66.01,542600
2016-05-16,64.62,66.34,66.67,65.68,66.08,476100
2016-05-17,65.1,66.83,67.11,65.97,66.43,1042100
2016-05-18,65.44,67.18,67.45,66.22,66.73,720400
2016-05-19,65.47,67.21,67.41,66.47,66.68,1227900
2016-05-20,65.61,67.36,68.61,67.27,67.69,583100
2016-05-23,65.47,67.22,67.4,66.84,67.39,447400
2016-05-24,66.35,68.12,68.45,67.07,67.7,504500
2016-05-25,66.19,67.95,68.46,67.44,68.45,824900
2016-05-26,65.97,67.73,68.33,67.69,67.95,329900
2016-05-27,66.22,67.99,68.49,67.72,67.76,425500
2016-05-31,65.88,67.64,68.35,67.35,68.07,563700
2016-06-01,66.42,68.19,68.26,67.03,67.48,638100
2016-06-02,66.36,68.13,68.18,67.51,68.03,575400
2016-06-03,66.13,67.89,68.11,67.34,67.86,333500
2016-06-06,66.14,67.9,68.18,67.47,68.14,447700
2016-06-07,65.99,67.75,68.17,67.42,67.93,596600
2016-06-08,67.22,69.01,69.1,67.5,67.69,715400
2016-06-09,67.19,68.98,69.1,68.31,68.67,441900
2016-06-10,66.15,67.91,69.05,67.59,68.96,589100
2016-06-13,65.85,67.49,68.16,67.23,67.52,664700
2016-06-14,65.99,67.63,67.69,66.9,67.44,557100
2016-06-15,66.51,68.16,68.42,67.86,68.0,701500
2016-06-16,66.55,68.2,68.36,67.44,67.7,703900
2016-06-17,66.05,67.69,68.52,67.66,68.34,511300
2016-06-20,67.28,68.95,69.14,68.17,68.17,351200
2016-06-21,67.35,69.02,69.25,68.55,68.94,587500
2016-06-22,67.17,68.84,69.69,68.82,68.9,484800
2016-06-23,67.57,69.25,69.44,68.91,69.25,419700
2016-06-24,64.13,65.72,67.93,65.66,66.86,1093700
2016-06-27,62.47,64.02,65.21,63.45,65.06,1188000
2016-06-28,64.8,66.41,66.51,64.2,64.43,857600
2016-06-29,66.36,68.01,68.45,66.77,66.84,961500
2016-06-30,67.75,69.43,69.46,68.05,68.07,578300
2016-07-01,67.13,68.8,69.57,68.28,69.3,775000
2016-07-05,66.36,68.01,68.54,67.52,68.36,455800
2016-07-06,66.61,68.26,68.62,67.46,67.93,980800
2016-07-07,66.98,68.64,68.99,68.07,68.49,333100
2016-07-08,68.05,69.74,69.95,69.02,69.14,386400
2016-07-11,68.24,69.93,70.63,69.84,70.0,501800
2016-07-12,68.82,70.53,70.77,70.1,70.23,427700
2016-07-13,68.73,70.44,71.01,70.21,71.01,331600
2016-07-14,69.29,71.01,71.42,70.85,71.07,462500
2016-07-15,69.62,71.35,71.56,70.88,71.21,363000
2016-07-18,69.22,70.94,71.5,70.75,71.35,291400
2016-07-19,70.1,71.84,71.92,70.75,70.84,802400
2016-07-20,70.19,71.93,72.2,71.47,71.92,317900
2016-07-21,69.83,71.56,71.95,71.38,71.93,255000
2016-07-22,70.59,72.34,72.44,71.23,71.47,471000
2016-07-25,70.13,71.87,71.98,71.46,71.69,389800
2016-07-26,70.7,72.46,72.66,71.88,71.95,579300
2016-07-27,70.14,71.88,72.59,71.46,72.55,758600
2016-07-28,71.02,72.78,73.42,72.15,72.75,841100
2016-07-29,70.64,72.39,73.49,72.19,72.82,961500
2016-08-01,70.65,72.4,72.63,71.61,71.74,632700
2016-08-02,69.95,71.69,72.07,70.75,70.99,618300
2016-08-03,69.33,71.05,71.7,70.76,71.7,720700
2016-08-04,69.28,71.0,71.79,70.92,71.23,658500
2016-08-05,69.68,71.41,71.65,71.19,71.56,650800
2016-08-08,69.26,70.98,71.56,70.67,71.36,672500
2016-08-09,69.58,71.31,71.31,70.74,71.11,716100
2016-08-10,69.62,71.35,71.5,70.91,71.5,485200
2016-08-11,70.07,71.81,72.07,71.41,71.49,488700
2016-08-12,70.6,72.35,72.54,71.68,71.81,598100
2016-08-15,71.06,72.82,73.22,72.4,72.63,602800
2016-08-16,70.48,72.23,73.11,72.16,72.58,402000
2016-08-17,69.92,71.66,72.3,71.29,72.23,597800
2016-08-18,70.15,71.89,72.1,71.39,71.58,283400
2016-08-19,69.55,71.28,71.67,71.09,71.62,546800
2016-08-22,70.17,71.91,72.06,71.08,71.22,624900
2016-08-23,70.43,72.18,72.61,72.08,72.08,390100
2016-08-24,70.06,71.8,72.25,71.66,72.01,483800
2016-08-25,70.34,72.09,72.19,71.49,71.69,309800
2016-08-26,69.85,71.58,72.49,71.18,72.25,308500
2016-08-29,70.35,72.1,72.17,71.43,71.69,352700
2016-08-30,69.53,71.26,72.13,71.07,71.93,450500
2016-08-31,69.49,71.22,71.49,70.69,71.08,573900
2016-09-01,70.1,71.84,71.88,70.72,71.32,534400
2016-09-02,70.64,72.39,72.55,71.92,72.05,420400
2016-09-06,70.32,72.07,72.75,71.68,72.36,329300
2016-09-07,69.17,70.89,71.94,70.6,71.9,757300
2016-09-08,68.19,69.88,70.91,69.72,70.68,515800
2016-09-09,65.21,66.83,69.64,66.83,69.36,951400
2016-09-12,65.75,67.38,67.64,66.71,66.73,1185200
2016-09-13,65.08,66.58,67.04,66.19,66.57,620800
2016-09-14,64.6,66.09,66.98,65.83,66.65,749300
2016-09-15,65.35,66.85,67.13,65.99,66.05,1714800
2016-09-16,64.76,66.25,66.52,66.1,66.43,989800
2016-09-19,65.85,67.37,67.73,66.1,66.25,1088100
2016-09-20,65.84,67.36,67.85,67.06,67.74,494300
2016-09-21,66.35,67.88,68.03,66.77,67.71,508900
2016-09-22,67.5,69.05,69.38,68.56,68.56,725900
2016-09-23,67.13,68.67,69.05,68.42,69.05,340600
2016-09-26,66.71,68.25,68.61,67.74,68.42,204100
2016-09-27,67.39,68.94,68.96,68.14,68.19,279700
2016-09-28,67.85,69.41,69.42,68.49,69.05,366000
2016-09-29,66.72,68.26,69.47,67.77,69.19,671200
2016-09-30,67.36,68.91,69.4,67.97,68.44,1014700
2016-10-03,66.64,68.17,69.1,68.16,68.66,646800
2016-10-04,65.86,67.38,68.45,67.2,68.21,601700
2016-10-05,66.03,67.55,67.86,66.85,67.77,854600
2016-10-06,66.42,67.95,68.11,67.23,67.6,488900
2016-10-07,65.38,66.88,68.16,66.62,68.16,642000
2016-10-10,65.77,67.28,67.64,66.98,67.11,591400
2016-10-11,64.74,66.23,67.23,65.62,67.0,686100
2016-10-12,65.52,67.03,67.26,66.13,66.28,510100
2016-10-13,65.04,66.54,66.75,65.85,66.43,296100
2016-10-14,66.17,67.69,68.24,66.93,67.02,839700
2016-10-17,66.8,68.34,69.5,68.08,68.33,690500
2016-10-18,66.37,67.9,68.99,67.81,68.99,632600
2016-10-19,65.69,67.2,68.0,67.17,67.93,613900
2016-10-20,65.77,67.28,67.62,66.47,67.19,551600
2016-10-21,65.67,67.18,67.26,65.83,66.66,759300
2016-10-24,66.24,67.76,68.19,67.53,67.69,619000
2016-10-25,64.05,65.52,67.56,65.43,67.56,822000
2016-10-26,64.11,65.59,65.74,65.09,65.43,1537000
2016-10-27,61.43,62.84,64.51,61.47,64.16,2817500
2016-10-28,62.16,63.59,64.75,62.65,62.65,1198500
2016-10-31,62.4,63.84,64.29,63.56,63.56,1601000
2016-11-01,62.03,63.46,64.5,62.92,63.91,2094600
2016-11-02,61.92,63.35,63.81,62.97,63.32,1169800
2016-11-03,61.87,63.29,63.88,63.07,63.4,835200
2016-11-04,62.21,63.64,64.69,63.31,63.48,1692900
2016-11-07,63.95,65.42,65.48,64.53,64.76,713500
2016-11-08,64.23,65.71,65.97,64.9,65.31,429900
2016-11-09,65.25,66.75,67.26,64.31,64.32,1052600
2016-11-10,67.56,69.11,69.95,67.07,67.28,1358700
2016-11-11,67.75,69.31,69.9,68.95,68.95,1187900
2016-11-14,67.05,68.59,69.44,68.39,69.38,1245600
2016-11-15,67.22,68.77,68.94,68.11,68.6,887500
2016-11-16,66.05,67.57,68.79,67.52,68.79,575400
2016-11-17,66.74,68.28,68.61,67.63,67.66,600200
2016-11-18,65.81,67.32,68.6,67.08,68.04,637200
2016-11-21,66.4,67.93,68.32,67.04,67.68,595800
2016-11-22,66.47,68.0,68.2,67.54,67.93,545500
2016-11-23,66.18,67.7,68.31,67.21,67.93,648100
2016-11-25,66.38,67.91,68.01,67.18,67.99,220900
2016-11-28,65.88,67.4,67.8,67.2,67.57,547800
2016-11-29,65.96,67.48,67.84,67.17,67.55,403100
2016-11-30,65.4,66.91,67.93,66.51,67.67,733100
2016-12-01,63.99,65.46,67.32,65.25,66.97,1391300
2016-12-02,63.41,64.87,65.68,64.79,65.43,621300
2016-12-05,63.16,64.61,65.24,64.46,65.19,789200
2016-12-06,63.54,65.0,65.11,64.33,64.69,854600
2016-12-07,64.3,65.78,65.95,64.83,65.13,1093800
2016-12-08,63.91,65.38,66.06,65.3,65.63,722300
2016-12-09,64.2,65.68,65.79,65.17,65.47,411300
2016-12-12,63.66,65.12,65.79,64.57,65.68,658600
2016-12-13,64.29,65.65,65.92,65.03,65.14,776100
2016-12-14,64.09,65.44,66.18,65.35,65.67,770100
2016-12-15,63.56,64.9,65.85,64.78,65.47,774200
2016-12-16,62.89,64.22,65.43,64.11,65.11,1193800
2016-12-19,63.57,64.91,65.62,64.3,64.48,512300
2016-12-20,63.98,65.33,65.36,64.94,65.06,467800
2016-12-21,64.19,65.55,65.71,64.96,65.41,559200
2016-12-22,63.9,65.25,65.79,65.1,65.45,551100
2016-12-23,64.04,65.39,65.65,65.22,65.35,266100
2016-12-27,64.18,65.54,65.65,65.16,65.45,173600
2016-12-28,63.46,64.8,65.91,64.76,65.56,361600
2016-12-29,63.43,64.77,65.16,64.43,64.87,332200
2016-12-30,62.68,64.0,65.2,63.71,65.04,501800
2017-01-03,63.36,64.7,65.11,63.91,64.64,689800
2017-01-04,64.57,65.93,66.22,64.68,64.68,958800
2017-01-05,64.92,66.29,66.36,65.33,65.58,808900
2017-01-06,64.53,65.89,66.65,65.8,66.39,1238300
2017-01-09,64.07,65.42,65.89,65.2,65.64,850600
2017-01-10,63.17,64.5,65.27,63.81,65.11,1806100
2017-01-11,64.34,65.7,65.73,64.39,64.76,893200
2017-01-12,64.75,66.12,66.21,65.13,65.33,737700
2017-01-13,64.14,65.5,66.76,65.48,66.21,509000
2017-01-17,64.51,65.87,66.1,64.93,65.13,653400
2017-01-18,65.1,66.48,66.64,65.82,65.94,601500
2017-01-19,65.2,66.58,67.32,66.45,66.64,720000
2017-01-20,63.81,65.16,66.54,64.62,66.54,1013000
2017-01-23,63.72,65.07,65.78,64.75,64.83,829500
2017-01-24,65.05,66.42,66.87,65.31,65.31,759600
2017-01-25,65.22,66.6,68.54,66.06,67.0,836000
2017-01-26,64.59,65.95,66.95,65.65,66.6,808400
2017-01-27,65.14,66.52,66.61,65.97,66.16,450700
2017-01-30,64.48,65.84,66.06,64.82,66.02,709300
2017-01-31,64.31,65.67,65.74,64.74,65.68,594400
2017-02-01,64.58,65.94,67.1,65.37,65.94,685400
2017-02-02,64.26,65.62,65.75,65.06,65.59,992100
2017-02-03,65.94,67.33,67.39,66.2,66.62,950400
2017-02-06,65.95,67.34,67.34,66.55,67.12,626600
2017-02-07,65.63,67.02,67.75,66.81,67.39,872400
2017-02-08,66.2,67.6,67.8,66.72,67.02,922700
2017-02-09,70.25,71.73,72.0,67.02,67.69,2487100
2017-02-10,70.43,71.92,72.36,71.5,71.8,1099200
2017-02-13,69.97,71.45,72.48,71.19,72.2,562100
2017-02-14,69.61,71.08,71.54,70.85,71.35,695500
2017-02-15,70.34,71.83,71.99,70.84,70.84,1138200
2017-02-16,71.42,72.93,73.11,71.9,71.9,1067300
2017-02-17,71.75,73.27,73.68,72.48,72.84,865000
2017-02-21,72.97,74.51,74.67,73.18,73.2,1120400
2017-02-22,72.53,74.06,75.0,73.91,74.32,631200
2017-02-23,72.42,73.95,74.5,73.57,74.44,541700
2017-02-24,72.42,73.95,73.97,73.27,73.55,505200
2017-02-27,72.08,73.6,74.21,73.53,73.91,568200
2017-02-28,71.09,72.59,73.93,72.55,73.76,769200
2017-03-01,72.17,73.69,74.31,73.27,73.67,567800
2017-03-02,72.43,73.96,74.29,73.19,73.85,557200
2017-03-03,72.29,73.82,74.37,73.35,74.05,962000
2017-03-06,71.7,73.21,73.63,72.8,73.0,1106600
2017-03-07,71.35,72.86,73.4,72.62,73.23,675100
2017-03-08,71.6,73.11,73.48,72.45,73.04,1073900
2017-03-09,71.94,73.46,73.97,73.12,73.31,676300
2017-03-10,72.93,74.47,74.58,73.87,73.92,692300
2017-03-13,73.37,74.76,74.83,73.77,74.12,668400
2017-03-14,72.99,74.37,74.78,74.0,74.27,506600
2017-03-15,73.53,74.92,75.29,73.98,74.64,521200
2017-03-16,73.75,75.15,75.39,74.71,74.98,459300
2017-03-17,74.08,75.48,75.62,74.82,75.05,829500
2017-03-20,73.83,75.23,75.68,75.01,75.48,530400
2017-03-21,72.89,74.27,75.66,74.19,75.52,709400
2017-03-22,73.38,74.77,74.86,74.05,74.28,472300
2017-03-23,73.47,74.86,75.36,74.29,74.68,410300
2017-03-24,73.66,75.05,75.63,74.65,75.01,422700
2017-03-27,73.5,74.89,75.28,74.0,74.06,696300
2017-03-28,73.72,75.12,75.41,74.65,74.65,271200
2017-03-29,74.01,75.41,75.41,74.71,74.89,394400
2017-03-30,74.45,75.86,75.92,75.26,75.32,450900
2017-03-31,74.29,75.7,76.29,75.47,75.7,592300
2017-04-03,74.31,75.72,76.5,75.31,75.88,654800
2017-04-04,73.51,74.9,75.74,74.83,75.54,513200
2017-04-05,72.75,74.13,75.44,73.93,75.0,1267500
2017-04-06,73.31,74.7,75.3,74.11,74.42,556400
2017-04-07,73.3,74.69,75.14,74.58,74.61,384400
2017-04-10,73.23,74.62,75.22,74.53,74.64,451000
2017-04-11,73.89,75.29,75.35,74.48,74.72,760800
2017-04-12,73.84,75.24,75.45,74.4,75.27,824400
2017-04-13,73.71,75.11,75.55,74.83,75.14,925500
2017-04-17,74.81,76.23,76.23,75.19,75.28,414300
2017-04-18,74.53,75.94,76.14,75.61,75.98,418400
2017-04-19,75.4,76.83,77.34,76.28,76.28,666100
2017-04-20,76.28,77.72,78.05,76.88,77.12,417100
2017-04-21,76.46,77.91,78.22,77.59,77.69,750500
2017-04-24,76.79,78.24,79.19,77.74,78.87,711800
2017-04-25,77.29,78.75,79.09,78.32,78.65,400100
2017-04-26,78.24,79.72,79.97,78.11,78.85,1521200
2017-04-27,79.12,80.62,82.0,79.8,82.0,1601800
2017-04-28,77.18,78.64,80.34,78.41,80.06,1349300
2017-05-01,76.26,77.7,78.7,77.62,78.7,716500
2017-05-02,76.18,77.62,78.23,77.3,77.98,698100
2017-05-03,75.84,77.28,77.62,76.68,77.24,828800
2017-05-04,75.91,77.35,77.92,76.98,77.59,919700
2017-05-05,76.06,77.5,77.94,77.0,77.56,809500
2017-05-08,75.37,76.8,77.57,76.4,77.28,573300
2017-05-09,75.55,76.98,77.2,76.75,77.11,438000
2017-05-10,75.4,76.83,76.94,75.85,76.76,613200
2017-05-11,75.85,77.29,77.31,75.94,76.45,900000
2017-05-12,75.3,76.73,77.31,76.64,77.16,415800
2017-05-15,75.8,77.24,77.57,76.7,76.7,582400
2017-05-16,77.02,78.48,78.7,77.58,77.6,1238600
2017-05-17,75.58,77.01,78.48,76.86,78.48,1009000
2017-05-18,75.88,77.32,77.76,76.26,76.83,656400
2017-05-19,77.59,79.06,79.45,77.46,77.83,1065000
2017-05-22,77.98,79.46,79.99,79.2,79.2,798800
2017-05-23,77.43,78.9,79.71,78.76,79.5,823800
2017-05-24,77.58,79.05,79.24,78.65,79.0,702000
2017-05-25,77.98,79.46,79.69,79.05,79.29,645500
2017-05-26,77.9,79.38,79.68,79.11,79.36,655700
2017-05-30,77.0,78.46,79.35,78.25,79.35,855300
2017-05-31,77.17,78.63,79.17,77.76,78.62,3922200
2017-06-01,77.67,79.14,79.55,78.8,79.02,907200
2017-06-02,78.57,80.06,80.17,78.87,79.05,703700
2017-06-05,78.51,80.0,80.37,79.64,80.0,498600
2017-06-06,77.08,78.54,80.4,78.47,79.76,510900
2017-06-07,76.87,78.33,79.04,78.12,78.61,511500
2017-06-08,76.21,77.65,78.57,77.37,78.33,723100
2017-06-09,75.79,77.23,78.22,76.9,77.83,756900
2017-06-12,76.99,78.45,78.49,76.47,77.36,1033300
2017-06-13,77.97,79.28,79.4,77.81,78.19,611400
2017-06-14,78.43,79.75,80.12,79.43,79.69,563100
2017-06-15,79.41,80.75,80.83,79.04,79.32,600700
2017-06-16,80.23,81.58,81.93,80.76,81.02,822400
2017-06-19,80.81,82.17,82.38,81.66,82.04,403100
2017-06-20,80.55,81.91,82.77,81.5,81.68,520500
2017-06-21,80.16,81.51,82.1,81.34,82.1,437800
2017-06-22,79.84,81.19,81.9,81.17,81.49,298800
2017-06-23,80.1,81.45,82.18,80.99,81.21,590600
2017-06-26,80.06,81.41,81.96,81.27,81.67,236800
2017-06-27,79.25,80.59,81.62,80.49,81.25,456000
2017-06-28,79.89,81.24,81.83,80.88,81.12,264600
2017-06-29,78.5,79.82,81.26,78.91,81.26,542700
2017-06-30,79.78,81.12,81.5,80.09,80.09,457200
2017-07-03,80.02,81.37,81.83,81.35,81.57,217200
2017-07-05,80.78,82.14,82.9,81.36,81.55,416600
2017-07-06,79.32,80.66,81.92,80.5,81.92,424000
2017-07-07,79.87,81.22,81.64,80.22,80.85,414000
2017-07-10,80.18,81.53,81.85,81.09,81.35,472600
2017-07-11,80.12,81.47,81.84,81.03,81.38,354500
2017-07-12,80.63,81.99,82.53,81.59,82.04,374700
2017-07-13,79.45,80.79,82.69,80.61,81.98,541500
2017-07-14,79.43,80.77,81.29,80.45,80.81,438700
2017-07-17,79.49,80.83,80.85,80.46,80.78,295800
2017-07-18,79.26,80.6,80.89,80.15,80.6,374300
2017-07-19,79.36,80.7,81.0,80.5,80.71,303000
2017-07-20,79.75,81.09,81.14,80.12,80.87,528900
2017-07-21,79.08,80.41,81.28,80.12,80.81,401400
2017-07-24,78.98,80.31,80.69,79.69,80.34,286000
2017-07-25,77.79,79.1,81.07,78.75,80.82,681700
2017-07-26,77.19,78.49,79.4,78.48,79.03,853400
2017-07-27,79.85,81.2,81.26,77.62,78.99,1371800
2017-07-28,80.05,81.4,82.0,80.23,81.31,736100
2017-07-31,79.89,81.24,81.89,80.74,81.56,615800
2017-08-01,80.12,81.47,82.62,80.94,81.63,878500
2017-08-02,79.51,80.85,81.38,79.86,81.18,521700
2017-08-03,79.42,80.76,81.11,80.14,80.99,372200
2017-08-04,79.97,81.32,81.32,80.46,80.86,343900
2017-08-07,80.63,81.99,82.06,80.82,81.33,321400
2017-08-08,80.02,81.37,82.25,81.31,81.91,468600
2017-08-09,79.25,80.59,81.52,80.46,81.31,354000
2017-08-10,77.61,78.92,80.48,78.86,80.19,459900
2017-08-11,77.97,79.28,79.77,78.63,78.93,354100
2017-08-14,78.15,79.47,80.03,79.08,79.84,420400
2017-08-15,77.64,78.95,79.5,78.74,79.5,271400
2017-08-16,77.98,79.29,79.63,78.89,79.04,404100
2017-08-17,77.52,78.83,79.96,78.76,79.18,500500
2017-08-18,76.87,78.17,78.87,78.06,78.58,327900
2017-08-21,76.2,77.48,78.32,77.42,78.2,384900
2017-08-22,76.79,78.08,78.32,77.28,77.68,507600
2017-08-23,75.81,77.09,77.85,76.79,77.81,611600
2017-08-24,75.87,77.15,77.54,76.82,77.24,360200
2017-08-25,76.33,77.62,77.81,77.43,77.58,376800
2017-08-28,76.76,78.05,78.25,77.82,77.97,425100
2017-08-29,76.48,77.77,78.34,77.7,77.72,271900
2017-08-30,77.0,78.3,78.34,77.45,77.74,292300
2017-08-31,77.41,78.71,79.0,78.45,78.71,487600
2017-09-01,77.84,79.15,79.4,78.85,79.03,517800
2017-09-05,78.08,79.4,80.0,79.16,79.16,639400
2017-09-06,78.93,80.26,80.53,79.58,79.86,604900
2017-09-07,78.89,80.22,80.63,79.7,80.38,395900
2017-09-08,79.47,80.81,81.4,79.9,80.21,512300
2017-09-11,79.73,81.07,81.64,80.48,81.23,759300
2017-09-12,79.66,81.0,81.62,80.95,81.33,660500
2017-09-13,80.45,81.81,81.87,80.43,81.09,589500
2017-09-14,81.25,82.62,82.65,81.42,81.66,784200
2017-09-15,81.56,82.77,82.97,82.12,82.63,978400
2017-09-18,81.44,82.65,83.12,82.19,82.98,508100
2017-09-19,81.63,82.85,83.14,82.06,82.76,677100
2017-09-20,82.34,83.57,84.04,82.57,83.01,1023200
2017-09-21,82.25,83.47,83.82,83.25,83.25,465000
2017-09-22,83.31,84.55,84.64,83.34,83.62,890500
2017-09-25,83.26,84.5,84.8,84.29,84.41,437300
2017-09-26,84.1,85.35,85.62,84.5,84.75,518900
2017-09-27,84.08,85.33,86.45,85.29,85.61,751400
2017-09-28,84.5,85.76,85.82,84.82,85.29,585300
2017-09-29,85.2,86.47,86.89,85.68,85.68,493100
2017-10-02,85.26,86.53,86.95,86.28,86.56,518600
2017-10-03,86.19,87.47,87.69,86.48,86.66,529300
2017-10-04,85.46,86.73,87.76,86.55,87.42,828500
2017-10-05,85.79,87.07,87.25,86.03,86.83,694000
2017-10-06,85.91,87.19,87.33,86.6,87.04,716800
2017-10-09,86.33,87.62,87.69,86.65,87.37,297900
2017-10-10,86.52,87.81,87.98,87.19,87.82,415900
2017-10-11,86.86,88.15,88.32,87.6,88.11,743800
2017-10-12,88.25,89.56,89.75,87.62,87.88,913500
2017-10-13,87.0,88.3,89.81,88.19,89.81,380500
2017-10-16,86.85,88.14,88.95,88.01,88.52,349700
2017-10-17,85.72,87.0,88.35,86.82,88.11,768100
2017-10-18,86.32,87.6,87.93,87.25,87.25,569100
2017-10-19,86.45,87.74,87.82,87.23,87.46,422800
2017-10-20,86.73,88.02,88.29,87.41,87.5,546200
2017-10-23,86.03,87.31,88.16,87.22,87.99,379500
2017-10-24,87.18,88.48,88.75,87.56,87.6,619200
2017-10-25,85.22,86.49,88.46,85.55,88.18,894300
2017-10-26,79.52,80.7,82.24,79.26,80.72,3297200
2017-10-27,79.11,80.29,81.04,78.63,80.13,1919700
2017-10-30,80.77,81.97,82.85,80.72,81.02,1281300
2017-10-31,82.17,83.39,83.55,82.23,82.7,1406900
2017-11-01,81.52,82.73,84.11,82.29,83.58,700600
2017-11-02,81.02,82.23,82.99,81.7,82.88,852600
2017-11-03,80.82,82.02,82.59,81.6,82.58,896100
2017-11-06,81.87,83.09,83.47,81.82,82.02,715700
2017-11-07,82.3,83.53,84.63,82.67,83.27,851300
2017-11-08,82.21,83.43,83.51,81.96,83.44,388700
2017-11-09,80.88,82.08,83.35,81.46,83.06,429500
2017-11-10,81.91,83.13,83.27,81.22,81.57,565200
2017-11-13,82.71,83.94,84.29,82.72,82.93,847000
2017-11-14,81.68,82.9,84.0,82.72,83.64,842400
2017-11-15,80.83,82.03,82.66,81.65,82.62,473100
2017-11-16,81.2,82.41,83.06,81.95,82.25,334700
2017-11-17,81.44,82.65,82.89,82.02,82.52,517700
2017-11-20,82.02,83.24,83.66,82.6,82.6,338100
2017-11-21,82.18,83.4,83.8,82.87,83.6,456300
2017-11-22,81.94,83.16,83.8,82.77,83.32,402800
2017-11-24,81.7,82.92,83.57,82.89,83.16,196500
2017-11-27,81.88,83.1,84.16,82.59,83.11,720600
2017-11-28,82.11,83.33,84.02,82.82,83.21,651800
2017-11-29,81.72,82.94,83.78,82.47,83.54,745900
2017-11-30,82.91,84.14,84.23,82.55,83.01,970400
2017-12-01,83.34,84.58,84.83,82.48,84.23,862700
2017-12-04,82.21,83.43,85.76,83.38,85.39,766300
2017-12-05,80.8,82.0,83.71,82.0,83.29,542200
2017-12-06,80.59,81.79,82.39,81.39,82.0,533200
2017-12-07,81.89,83.11,83.16,82.01,82.07,643500
2017-12-08,81.25,82.46,83.78,82.3,83.78,562200
2017-12-11,80.96,82.17,82.42,81.44,82.15,732300
2017-12-12,80.95,82.15,82.41,81.68,82.2,427000
2017-12-13,81.43,82.64,83.21,81.85,82.52,732400
2017-12-14,80.48,81.68,83.15,81.59,82.68,586000
2017-12-15,81.23,82.28,82.75,81.79,82.15,1256800
2017-12-18,81.51,82.56,83.44,82.43,82.88,856000
2017-12-19,79.05,80.07,82.47,80.04,82.47,1188200
2017-12-20,79.97,81.0,81.46,80.04,80.39,981300
2017-12-21,79.97,81.0,81.75,80.91,81.47,613800
2017-12-22,79.32,80.34,82.06,80.25,81.1,347900
2017-12-26,79.37,80.39,80.77,80.01,80.29,251400
2017-12-27,78.98,80.0,80.77,79.99,80.66,479300
2017-12-28,78.55,79.56,80.71,78.67,80.25,1124100
2017-12-29,78.55,79.56,80.29,78.82,80.0,662900
2018-01-02,78.89,79.91,80.07,79.19,80.07,645400
2018-01-03,79.23,80.25,80.91,79.66,80.22,1117400
2018-01-04,80.33,81.37,81.49,80.35,80.62,1211700
2018-01-05,80.53,81.57,82.45,81.1,81.78,851100
2018-01-08,80.21,81.24,81.7,80.92,81.35,539100
2018-01-09,81.87,82.93,83.9,81.16,81.55,925500
2018-01-10,81.55,82.6,83.35,82.13,82.76,851500
2018-01-11,83.31,84.38,84.55,82.6,82.6,987900
2018-01-12,83.96,85.04,85.27,83.76,84.32,904200
2018-01-16,83.0,84.07,86.0,83.64,85.31,652800
2018-01-17,83.14,84.21,84.64,83.55,84.64,740900
2018-01-18,82.98,84.05,84.73,83.75,84.3,554500
2018-01-19,85.13,86.23,86.28,83.98,84.39,890200
2018-01-22,84.71,85.8,86.09,84.56,85.86,477500
2018-01-23,84.26,85.35,85.66,84.71,85.66,675700
2018-01-24,84.49,85.58,86.58,84.92,85.72,487000
2018-01-25,84.26,85.35,86.3,85.0,86.05,345400
2018-01-26,85.27,86.37,86.41,85.35,85.85,594900
2018-01-29,85.58,86.68,87.07,86.16,86.3,590700
2018-01-30,84.35,85.44,86.64,85.44,86.18,527300
2018-01-31,85.01,86.11,86.82,85.51,85.63,902500
2018-02-01,84.09,85.17,86.99,84.79,85.84,528500
2018-02-02,80.81,81.85,84.6,81.42,84.47,895700
2018-02-05,78.1,79.11,82.35,79.01,81.49,962300
2018-02-06,79.09,80.11,80.93,76.76,77.65,1131400
2018-02-07,78.94,79.96,81.2,79.74,79.74,578300
2018-02-08,76.34,77.32,80.24,77.24,79.92,894000
2018-02-09,77.49,78.49,79.02,76.15,78.21,1267400
2018-02-12,78.73,79.75,80.4,78.98,79.15,1009900
2018-02-13,78.64,79.65,80.4,78.94,79.47,623100
2018-02-14,78.95,79.97,80.5,78.75,78.93,1074400
2018-02-15,81.21,82.26,82.57,80.52,80.8,685500
2018-02-16,81.67,82.72,83.54,81.85,82.19,692100
2018-02-20,84.57,85.66,88.41,85.3,86.21,1657000
2018-02-21,85.62,86.72,87.94,85.44,86.13,1168800
2018-02-22,84.94,86.04,88.29,85.57,87.27,1061900
2018-02-23,85.07,86.17,87.09,85.83,86.5,798600
2018-02-26,86.73,87.85,88.0,85.97,86.55,1002800
2018-02-27,85.86,86.97,87.85,86.69,87.61,1218600
2018-02-28,83.04,84.11,87.05,84.1,87.03,1142500
2018-03-01,81.02,82.07,84.92,81.86,84.15,957000
2018-03-02,81.18,82.23,82.43,80.59,81.6,630100
2018-03-05,81.95,83.01,83.31,81.42,81.62,559700
2018-03-06,82.85,83.92,84.37,82.71,83.09,706800
2018-03-07,82.86,83.93,84.15,83.14,83.27,450500
2018-03-08,83.68,84.76,85.16,84.16,84.43,542100
2018-03-09,86.1,87.21,87.3,85.25,85.25,705500
2018-03-12,86.29,87.4,87.78,87.05,87.52,621800
2018-03-13,84.99,86.09,87.99,85.28,87.7,644500
2018-03-14,84.48,85.36,86.41,85.24,86.41,294300
2018-03-15,84.6,85.48,85.83,84.79,85.53,313900
2018-03-16,84.99,85.88,86.27,85.26,85.37,676600
2018-03-19,84.37,85.25,85.97,84.48,85.84,409100
2018-03-20,84.75,85.63,86.27,84.94,85.32,373700
2018-03-21,85.05,85.94,86.69,85.53,85.77,350000
2018-03-22,83.73,84.6,86.67,84.55,85.29,689700
2018-03-23,82.1,82.96,84.86,82.84,84.86,812700
2018-03-26,83.69,84.56,84.62,83.19,84.14,763800
2018-03-27,83.13,84.0,86.0,83.82,85.08,805800
2018-03-28,82.27,83.13,84.05,82.91,84.0,717900
2018-03-29,84.41,85.29,85.77,83.33,83.72,807100
2018-04-02,82.38,83.24,85.35,82.25,85.28,530300
2018-04-03,83.72,84.59,85.0,83.22,83.44,623300
2018-04-04,84.86,85.74,86.13,82.85,83.45,971700
2018-04-05,85.05,85.94,86.66,84.8,86.08,990900
2018-04-06,83.88,84.75,86.23,83.95,85.52,567800
2018-04-09,83.67,84.54,85.68,84.45,85.58,334400
2018-04-10,84.35,85.23,86.16,85.07,85.64,651700
2018-04-11,83.67,84.54,85.24,84.34,84.43,453200
2018-04-12,84.43,85.31,85.78,84.39,84.98,578700
2018-04-13,83.69,84.56,85.84,84.17,85.77,335300
2018-04-16,84.49,85.37,86.05,84.87,85.3,627600
2018-04-17,84.74,85.62,85.98,85.1,85.72,801400
2018-04-18,85.61,86.5,87.04,85.76,86.09,578700
2018-04-19,84.51,85.39,86.34,84.68,86.14,551500
2018-04-20,83.88,84.75,86.12,84.31,85.55,587000
2018-04-23,83.65,84.52,85.26,83.97,85.13,560400
2018-04-24,81.3,82.15,85.87,81.58,84.95,916900
2018-04-25,82.17,83.03,83.14,81.28,81.94,1287400
2018-04-26,77.78,78.59,79.54,75.5,75.5,4987400
2018-04-27,77.03,77.83,78.69,77.05,78.03,1842600
2018-04-30,76.38,77.18,78.46,76.92,78.0,1947700
2018-05-01,76.34,77.14,77.76,75.44,77.23,1534400
2018-05-02,74.34,75.12,77.72,74.94,75.75,2406500
2018-05-03,74.05,74.82,75.57,73.85,74.73,1348100
2018-05-04,75.36,76.15,76.47,74.0,74.07,1095800
2018-05-07,74.96,75.74,76.56,75.44,76.2,939300
2018-05-08,75.11,75.89,76.21,75.26,75.63,927200
2018-05-09,75.49,76.28,76.55,75.07,75.93,1018800
2018-05-10,76.51,77.31,77.39,76.27,76.43,440800
2018-05-11,76.48,77.28,78.23,76.91,77.19,480800
2018-05-14,76.06,76.85,78.02,76.65,77.33,677400
2018-05-15,75.67,76.46,76.72,75.65,76.58,545300
2018-05-16,76.23,77.02,77.36,76.5,76.56,403400
2018-05-17,76.08,76.87,77.32,76.64,76.73,569200
2018-05-18,77.56,78.37,78.5,76.6,76.88,1374800
2018-05-21,77.97,78.78,79.09,78.45,78.75,577200
2018-05-22,77.86,78.67,79.09,78.39,78.85,1015600
2018-05-23,78.4,79.22,79.27,78.14,78.28,1055400
2018-05-24,78.44,79.26,79.59,78.51,79.26,759600
2018-05-25,77.98,78.79,79.75,78.38,79.14,637800
2018-05-29,77.46,78.27,79.31,77.83,78.38,990500
2018-05-30,78.39,79.21,79.71,78.13,78.82,604200
2018-05-31,75.64,76.43,79.31,76.42,79.31,719400
2018-06-01,77.09,77.89,78.33,77.09,77.1,725200
2018-06-04,77.51,78.32,78.5,77.71,78.14,490900
2018-06-05,78.35,79.17,79.53,78.5,78.5,555900
2018-06-06,78.41,79.23,79.23,78.53,79.22,356600
2018-06-07,79.38,80.21,80.42,79.42,79.44,399900
2018-06-08,80.28,81.12,81.14,80.06,80.15,884900
2018-06-11,80.42,81.26,81.59,81.13,81.13,813800
2018-06-12,81.32,82.17,82.23,81.09,81.41,605300
2018-06-13,80.07,80.9,82.12,80.34,82.12,934300
2018-06-14,81.16,81.79,82.46,80.84,81.16,599000
2018-06-15,81.43,82.07,82.15,80.75,81.57,1195200
2018-06-18,80.85,81.48,81.87,81.14,81.66,673200
2018-06-19,79.55,80.17,81.04,79.29,80.95,621600
2018-06-20,79.38,80.0,80.48,79.29,80.35,635600
2018-06-21,77.28,77.88,79.82,77.5,79.82,663500
2018-06-22,77.09,77.69,78.48,77.45,78.35,634300
2018-06-25,75.79,76.38,77.5,76.14,77.5,793800
2018-06-26,75.74,76.33,76.99,76.19,76.8,719800
2018-06-27,76.79,77.39,77.8,76.25,76.46,1331600
2018-06-28,76.58,77.18,77.51,76.64,77.15,734500
2018-06-29,76.76,77.36,78.16,76.89,77.64,669600
2018-07-02,77.03,77.63,77.71,76.65,76.95,466700
2018-07-03,76.42,77.02,78.74,76.92,78.09,233800
2018-07-05,77.28,77.88,78.07,76.82,77.33,528400
2018-07-06,76.26,76.86,77.73,76.69,77.73,1000600
2018-07-09,77.34,77.94,78.35,76.89,77.26,660400
2018-07-10,77.74,78.35,78.44,77.66,77.99,594000
2018-07-11,77.31,77.91,78.23,77.46,78.09,304800
2018-07-12,78.47,79.08,79.28,78.0,78.4,434500
2018-07-13,79.09,79.71,80.03,77.86,79.3,546400
2018-07-16,78.63,79.24,79.81,79.0,79.59,685300
2018-07-17,79.46,80.08,80.12,78.74,78.74,516400
2018-07-18,78.62,79.23,80.36,79.19,80.05,588300
2018-07-19,78.07,78.68,79.22,78.28,78.92,909500
2018-07-20,78.87,79.49,80.47,78.05,78.38,609100
2018-07-23,78.1,78.71,79.85,78.46,79.73,483400
2018-07-24,79.2,79.82,79.96,78.82,78.86,1328700
2018-07-25,79.47,80.09,80.36,78.41,80.0,1090500
2018-07-26,80.85,81.48,82.2,75.89,77.5,1136800
2018-07-27,80.97,81.6,82.1,81.11,81.73,1122500
2018-07-30,80.3,80.93,82.45,80.86,81.89,795600
2018-07-31,80.91,81.54,81.89,80.66,81.29,665600
2018-08-01,80.25,80.88,82.28,80.58,81.54,579800
2018-08-02,80.57,81.2,81.32,80.24,80.55,348200
2018-08-03,81.09,81.72,81.92,80.83,81.4,301500
2018-08-06,81.93,82.57,82.71,80.95,81.58,459500
2018-08-07,82.46,83.1,83.5,82.74,82.87,480900
2018-08-08,81.88,82.52,83.18,82.45,83.18,485600
2018-08-09,81.92,82.56,83.26,82.48,82.63,597300
2018-08-10,81.17,81.8,82.39,81.46,82.19,459600
2018-08-13,81.1,81.73,82.29,81.27,81.92,530900
2018-08-14,82.63,83.27,83.51,81.67,81.98,392000
2018-08-15,84.64,85.3,85.69,82.25,82.88,1028300
2018-08-16,84.77,85.43,87.08,85.13,85.63,818100
2018-08-17,86.03,86.7,86.99,85.21,85.3,485600
2018-08-20,86.29,86.96,87.83,86.47,86.99,545700
2018-08-21,87.11,87.79,88.12,86.9,86.96,501100
2018-08-22,86.43,87.1,87.53,86.42,87.53,360500
2018-08-23,85.77,86.44,87.61,86.3,87.1,410500
2018-08-24,86.59,87.27,87.41,86.42,86.77,380100
2018-08-27,87.01,87.69,88.4,87.5,87.89,310700
2018-08-28,87.04,87.72,88.02,87.28,87.95,332600
2018-08-29,86.29,86.96,88.02,86.57,87.76,500100
2018-08-30,86.61,87.29,87.43,86.21,86.9,778100
2018-08-31,86.54,87.22,87.88,87.07,87.13,644400
2018-09-04,86.48,87.15,87.29,86.21,87.17,565900
2018-09-05,88.51,89.2,89.28,87.29,87.29,435600
2018-09-06,88.24,88.93,89.9,88.69,89.2,461500
2018-09-07,88.02,88.71,89.19,88.29,88.8,341800
2018-09-10,89.1,89.8,90.18,89.0,89.0,495500
2018-09-11,89.01,89.7,90.16,89.23,89.78,488400
2018-09-12,89.05,89.74,90.17,89.14,89.64,421700
2018-09-13,88.65,89.34,89.94,88.96,89.94,471800
2018-09-14,87.35,87.82,89.23,87.7,88.96,758000
2018-09-17,88.41,88.89,89.11,87.73,88.0,744100
2018-09-18,89.88,90.37,90.49,88.79,89.1,599900
2018-09-19,90.09,90.58,91.07,90.31,90.59,472100
2018-09-20,90.42,90.91,91.58,90.74,91.12,691300
2018-09-21,89.58,90.07,90.78,89.67,90.43,1112600
2018-09-24,88.91,89.39,90.31,88.99,89.98,355300
2018-09-25,88.65,89.13,89.56,88.8,89.36,381100
2018-09-26,89.05,89.53,90.03,88.9,89.13,347300
2018-09-27,89.5,89.99,90.49,89.13,89.65,479200
2018-09-28,90.08,90.57,90.78,89.69,89.79,516600
2018-10-01,90.65,91.14,92.87,90.71,91.55,783000
2018-10-02,90.83,91.32,91.57,90.68,90.87,509800
2018-10-03,90.73,91.22,92.07,90.8,91.34,544400
2018-10-04,89.7,90.19,91.15,89.83,90.92,346600
2018-10-05,89.07,89.55,91.09,89.15,90.51,395000
2018-10-08,87.89,88.37,89.44,88.27,89.44,763900
2018-10-09,87.15,87.62,89.28,86.78,88.3,879600
2018-10-10,84.1,84.56,87.72,84.48,87.72,871500
2018-10-11,82.31,82.76,84.77,82.62,84.57,756200
2018-10-12,83.32,83.77,87.3,82.6,87.3,696000
2018-10-15,83.38,83.83,84.41,83.16,83.59,402200
2018-10-16,84.77,85.23,85.31,83.85,84.29,401000
2018-10-17,83.71,84.17,84.95,83.29,84.95,408200
2018-10-18,82.26,82.71,84.46,82.03,83.96,532000
2018-10-19,81.35,81.79,83.31,81.55,82.8,477400
2018-10-22,81.07,81.51,82.04,81.04,81.97,620600
2018-10-23,82.3,82.75,83.28,80.04,80.38,1097300
2018-10-24,79.31,79.74,82.89,79.64,82.33,1210500
2018-10-25,82.49,82.94,86.16,81.63,81.73,1569700
2018-10-26,82.26,82.71,83.4,81.49,82.3,1134600
2018-10-29,81.23,81.67,84.27,80.36,83.63,1018800
2018-10-30,84.14,84.6,84.83,81.75,81.75,796100
2018-10-31,85.27,85.73,86.71,85.46,85.46,712700
2018-11-01,86.94,87.41,88.12,85.99,86.14,1096600
2018-11-02,87.66,88.14,89.0,87.37,88.18,689200
2018-11-05,88.12,88.6,89.22,87.91,88.49,628200
2018-11-06,88.63,89.11,89.43,87.78,88.35,319700
2018-11-07,89.28,89.77,89.99,88.44,89.82,480200
2018-11-08,89.93,90.42,90.69,89.31,89.78,435600
2018-11-09,88.91,89.39,90.5,88.87,90.05,505200
2018-11-12,88.11,88.59,89.61,88.38,89.43,351100
2018-11-13,88.39,88.87,90.64,88.74,89.04,664300
2018-11-14,86.64,87.11,89.78,86.43,89.37,682400
2018-11-15,87.98,88.46,89.54,86.29,86.54,792800
2018-11-16,88.79,89.27,89.66,87.72,88.06,558700
2018-11-19,88.96,89.44,89.93,88.98,89.19,705400
2018-11-20,88.27,88.75,89.68,88.29,88.75,595200
2018-11-21,89.31,89.8,90.48,88.74,89.24,352200
2018-11-23,88.63,89.11,89.97,88.6,89.51,283600
2018-11-26,89.28,89.77,90.15,89.18,90.0,972300
2018-11-27,89.76,90.25,90.64,89.19,89.46,625300
2018-11-28,91.7,92.2,92.89,90.14,90.32,783700
2018-11-29,91.25,91.75,92.89,90.95,91.73,740100
2018-11-30,91.09,91.59,92.81,90.99,91.95,1124500
2018-12-03,92.6,93.1,94.3,91.2,92.69,1080300
2018-12-04,89.79,90.28,92.99,90.02,92.65,635800
2018-12-06,89.25,89.74,89.74,87.09,89.18,754100
2018-12-07,88.19,88.67,90.43,88.0,89.84,547000
2018-12-10,86.76,87.23,89.04,85.56,88.73,694200
2018-12-11,86.84,87.31,88.66,86.97,88.59,683800
2018-12-12,87.37,87.84,89.39,87.76,88.51,448000
2018-12-13,86.97,87.44,88.88,87.19,88.23,571900
2018-12-14,86.09,86.35,87.88,85.5,86.25,638900
2018-12-17,83.42,83.67,86.21,83.13,86.21,653200
2018-12-18,84.06,84.31,85.37,83.8,84.48,795100
2018-12-19,81.73,81.98,85.38,81.48,84.42,1667200
2018-12-20,80.17,80.41,82.44,79.93,81.87,875800
2018-12-21,78.3,78.54,81.48,78.31,80.1,1130200
2018-12-24,75.18,75.41,78.3,75.32,78.0,545800
2018-12-26,78.37,78.61,78.68,74.83,75.72,820000
2018-12-27,79.06,79.3,79.3,76.53,77.31,613700
2018-12-28,78.31,78.55,79.88,77.91,79.51,732700
2018-12-31,79.47,79.71,80.06,78.72,78.84,431600
2019-01-02,80.81,81.05,81.07,78.31,78.65,864300
2019-01-03,79.44,79.68,80.94,78.53,80.64,1054500
2019-01-04,79.26,79.5,81.11,79.25,80.82,1036400
2019-01-07,80.09,80.33,81.01,79.29,79.73,610900
2019-01-08,81.19,81.44,81.82,80.62,81.14,853500
2019-01-09,82.1,82.35,82.88,80.75,81.54,589900
2019-01-10,81.95,82.2,83.01,81.66,82.15,792700
2019-01-11,81.82,82.07,82.2,81.37,81.54,435800
2019-01-14,81.52,81.77,82.67,81.2,81.67,555100
2019-01-15,81.5,81.75,82.4,80.79,82.0,611300
2019-01-16,80.77,81.01,82.28,80.99,81.55,710800
2019-01-17,81.51,81.76,82.37,80.89,80.89,663400
2019-01-18,83.26,83.51,84.05,82.35,82.48,813500
2019-01-22,81.93,82.18,83.05,81.64,83.05,518600
2019-01-23,82.18,82.43,83.13,81.75,82.43,526200
2019-01-24,82.75,83.0,83.22,82.37,82.69,422300
2019-01-25,83.94,84.19,84.86,83.7,84.0,569900
2019-01-28,84.03,84.28,84.59,83.03,83.41,402500
2019-01-29,84.77,85.03,85.44,83.92,84.5,413300
2019-01-30,85.65,85.91,86.25,84.54,85.49,353300
2019-01-31,85.6,85.86,86.41,85.41,85.69,723100
2019-02-01,86.49,86.75,86.86,85.22,86.0,650300
2019-02-04,87.02,87.28,87.3,86.0,86.56,420600
2019-02-05,88.83,89.1,89.34,87.56,87.56,688300
2019-02-06,89.37,89.64,89.81,88.52,88.94,735700
2019-02-07,90.47,90.74,90.75,88.64,89.52,541000
2019-02-08,91.11,91.39,91.39,89.93,90.45,696200
2019-02-11,91.23,91.51,92.02,91.2,91.48,445100
2019-02-12,92.76,93.04,93.17,92.08,92.24,540400
2019-02-13,93.49,93.77,93.85,92.7,93.24,594000
2019-02-14,91.4,91.68,93.52,91.67,93.52,1042400
2019-02-15,91.28,91.56,92.45,90.8,92.35,2165800
2019-02-19,87.75,88.02,90.67,87.18,88.12,2002100
2019-02-20,87.69,87.95,88.17,85.96,87.72,1271200
2019-02-21,87.96,88.23,88.69,87.47,87.47,770000
2019-02-22,89.43,89.7,89.86,88.22,88.47,799800
2019-02-25,88.43,88.7,89.9,88.28,89.69,734000
2019-02-26,88.37,88.64,89.6,88.58,88.68,634000
2019-02-27,90.16,90.43,90.51,87.95,88.4,640300
2019-02-28,89.69,89.96,90.4,89.56,90.29,720700
2019-03-01,90.93,91.2,91.74,90.48,90.89,732400
2019-03-04,89.92,90.19,91.51,89.86,91.32,618100
2019-03-05,89.67,89.94,90.83,89.93,90.2,674700
2019-03-06,89.17,89.44,90.63,89.4,90.16,731000
2019-03-07,87.71,87.97,89.31,87.33,89.31,620000
2019-03-08,87.72,87.98,88.07,87.26,87.41,450000
2019-03-11,88.31,88.58,88.92,88.12,88.14,518400
2019-03-12,88.54,88.81,89.14,88.4,88.74,597500
2019-03-13,89.37,89.64,89.92,89.17,89.34,656300
2019-03-14,88.77,88.77,89.47,88.7,89.03,625800
2019-03-15,88.41,88.41,89.19,88.23,88.76,1411700
2019-03-18,88.9,88.9,89.02,88.28,88.49,745800
2019-03-19,88.71,88.71,89.56,88.51,89.21,743800
2019-03-20,87.74,87.74,88.74,87.1,88.71,974200
2019-03-21,88.9,88.9,89.29,87.36,87.54,480800
2019-03-22,87.22,87.22,88.83,87.16,88.61,704600
2019-03-25,87.45,87.45,87.82,87.11,87.28,359000
2019-03-26,88.42,88.42,88.52,87.6,87.96,458000
2019-03-27,88.2,88.2,88.89,87.3,88.42,397000
2019-03-28,89.82,89.82,89.87,88.24,88.52,609600
2019-03-29,90.71,90.71,90.91,89.97,90.24,827400
2019-04-01,92.64,92.64,92.84,91.16,91.16,666900
2019-04-02,92.42,92.42,92.99,92.1,92.77,519300
2019-04-03,93.49,93.49,94.64,92.7,93.0,748100
2019-04-04,94.12,94.12,94.16,93.34,93.49,581000
2019-04-05,94.92,94.92,95.27,94.13,94.53,746000
2019-04-08,94.4,94.4,94.92,94.18,94.86,442300
2019-04-09,93.49,93.49,94.4,93.33,93.93,724700
2019-04-10,93.33,93.33,93.66,92.24,93.49,786300
2019-04-11,93.77,93.77,93.84,93.08,93.58,461000
2019-04-12,94.57,94.57,95.0,94.22,94.24,438200
2019-04-15,94.07,94.07,94.99,93.9,94.57,462100
2019-04-16,93.9,93.9,94.41,93.64,94.33,1047000
2019-04-17,93.9,93.9,94.14,93.34,94.09,1088400
2019-04-18,93.75,93.75,94.66,93.52,94.09,1373500
2019-04-22,93.96,93.96,94.22,93.23,93.58,948700
2019-04-23,95.99,95.99,96.57,94.08,94.08,526900
2019-04-24,95.5,95.5,96.06,95.24,95.99,933200
2019-04-25,96.56,96.56,97.5,93.09,95.53,1548400
2019-04-26,98.31,98.31,98.31,95.44,96.71,553100
2019-04-29,98.41,98.41,98.88,98.06,98.41,592200
2019-04-30,99.23,99.23,99.56,98.32,98.49,589400
2019-05-01,99.04,99.04,100.4,99.02,99.35,619500
2019-05-02,98.92,98.92,99.78,98.34,99.05,738700
2019-05-03,102.19,102.19,102.39,99.61,99.61,675200
2019-05-06,101.23,101.23,101.85,100.34,100.67,629900
2019-05-07,99.36,99.36,100.74,98.27,99.96,1031100
2019-05-08,99.62,99.62,100.41,98.54,99.0,972400
2019-05-09,100.1,100.1,100.3,98.53,99.07,861200
2019-05-10,100.28,100.28,100.6,98.24,99.44,758400
2019-05-13,99.07,99.07,99.83,97.87,98.14,1131300
2019-05-14,99.4,99.4,100.3,99.01,99.31,829300
2019-05-15,100.43,100.43,100.69,99.0,99.13,1189500
2019-05-16,101.87,101.87,102.54,100.98,101.04,1094900
